{"content":[{"id":"20dc5f0e","settings":{"flex_direction":"row","flex_gap":{"unit":"px","size":0},"flex_justify_content":"space-between","flex_align_items":"center","background_background":"gradient","background_color":"#81D4FF","background_color_b":"#FFFFFF","background_color_b_stop":{"unit":"%","size":39,"sizes":[]},"background_motion_fx_opacity_effect":"yes","background_motion_fx_motion_fx_mouse":"yes","background_motion_fx_mouseTrack_effect":"yes","background_motion_fx_mouseTrack_speed":{"unit":"px","size":7.29999999999999982236431605997495353221893310546875,"sizes":[]},"border_border":"solid","border_width":{"unit":"px","top":"0","right":"0","bottom":"1","left":"0","isLinked":false},"__globals__":{"border_color":"globals\/colors?id=b683b23"}},"elements":[{"id":"ed1a3d3","settings":{"flex_direction":"column","content_width":"full","width":{"unit":"%","size":20},"width_tablet":{"unit":"%","size":15,"sizes":[]},"width_mobile":{"unit":"%","size":50,"sizes":[]}},"elements":[{"id":"51bdc40","settings":{"__dynamic__":{"image":"[elementor-tag id=\"\" name=\"site-logo\" settings=\"%7B%7D\"]","link":"[elementor-tag id=\"\" name=\"site-url\" settings=\"%7B%7D\"]"},"_animation_mobile":"zoomIn"},"elements":[],"isInner":false,"widgetType":"theme-site-logo","elType":"widget"}],"isInner":false,"elType":"container"},{"id":"53dfec34","settings":{"flex_direction":"column","content_width":"full","width":{"unit":"%","size":60},"flex_align_items":"flex-end","width_tablet":{"unit":"%","size":70,"sizes":[]},"width_mobile":{"unit":"%","size":50,"sizes":[]}},"elements":[{"id":"37ae1b25","settings":{"pointer":"framed","animation_line":"slide","animation_framed":"corners","submenu_icon":{"value":"","library":""},"dropdown":"mobile","full_width":"stretch","text_align":"center","menu_typography_typography":"custom","menu_typography_font_family":"Poppins","menu_typography_font_size_tablet":{"unit":"px","size":10,"sizes":[]},"menu_typography_font_weight":"600","menu_typography_text_transform":"uppercase","menu_typography_letter_spacing_tablet":{"unit":"px","size":0.1000000000000000055511151231257827021181583404541015625,"sizes":[]},"color_menu_item":"#000000","color_menu_item_hover":"#FF0A44","pointer_color_menu_item_hover":"#090F0A","pointer_width":{"unit":"px","size":1,"sizes":[]},"pointer_width_tablet":{"unit":"px","size":1,"sizes":[]},"pointer_width_mobile":{"unit":"px","size":0,"sizes":[]},"padding_horizontal_menu_item_mobile":{"unit":"px","size":4,"sizes":[]},"padding_vertical_menu_item_tablet":{"unit":"px","size":4,"sizes":[]},"menu_space_between_tablet":{"unit":"px","size":0,"sizes":[]},"background_color_dropdown_item_hover":"#3733FFAB","dropdown_border_width_mobile":{"unit":"px","top":"1","right":"0","bottom":"0","left":"0","isLinked":false},"padding_horizontal_dropdown_item_mobile":{"unit":"px","size":51,"sizes":[]},"padding_vertical_dropdown_item_mobile":{"unit":"px","size":14,"sizes":[]},"dropdown_top_distance_mobile":{"unit":"px","size":28,"sizes":[]},"toggle_background_color":"#82FFEF","toggle_color_hover":"#A23535","toggle_size_mobile":{"unit":"px","size":24,"sizes":[]},"toggle_border_width_mobile":{"unit":"px","size":0,"sizes":[]},"toggle_border_radius_mobile":{"unit":"px","size":6,"sizes":[]},"motion_fx_translateY_effect":"yes","_animation_mobile":"zoomIn","__globals__":{"dropdown_border_color":"globals\/colors?id=b683b23","toggle_color":"globals\/colors?id=b683b23"}},"elements":[],"isInner":false,"widgetType":"nav-menu","elType":"widget"}],"isInner":false,"elType":"container"},{"id":"2bbc6675","settings":{"flex_direction":"column","content_width":"full","width":{"unit":"%","size":20},"width_tablet":{"unit":"%","size":15,"sizes":[]},"width_mobile":{"unit":"%","size":"","sizes":[]},"hide_mobile":"hidden-mobile"},"elements":[{"id":"16d8a51b","settings":{"text":"download","align":"justify","selected_icon":{"value":"fas fa-download","library":"fa-solid"},"icon_align":"right","icon_indent":{"unit":"px","size":6,"sizes":[]},"typography_typography":"custom","typography_font_family":"Poppins","typography_font_size_tablet":{"unit":"px","size":10,"sizes":[]},"typography_font_weight":"400","typography_text_transform":"capitalize","background_color":"#00FF2300","hover_color":"#FFFFFF","button_background_hover_color":"#08CBFF","hover_animation":"buzz-out","border_border":"solid","border_width":{"unit":"px","top":"1","right":"1","bottom":"1","left":"1","isLinked":true},"border_color":"#08CBFF","border_radius":{"unit":"px","top":"50","right":"50","bottom":"50","left":"50","isLinked":true},"__globals__":{"button_text_color":"globals\/colors?id=b683b23"}},"elements":[],"isInner":false,"widgetType":"button","elType":"widget"}],"isInner":false,"elType":"container"}],"isInner":false,"elType":"container"}],"page_settings":[],"version":"0.4","title":"Custom heaer","type":"header"}